user_id,event_time,url,status_code,response_time_ms,region,bytes
8269,2025-01-05 21:05:57,/page/11,502,663,NA,1707
1919,2025-01-16 17:55:25,/page/19,400,817,LATAM,4970
9702,2025-01-12 20:30:38,/page/27,429,1446,EU,5770
2293,2025-01-09 11:58:14,/page/40,401,1319,EU,16507
3344,2025-01-29 07:25:38,/page/15,403,1356,APAC,15259
1153,2025-01-13 09:28:37,/page/30,302,1437,EU,2620
6661,2025-01-22 10:39:08,/page/38,302,1358,LATAM,8395
5949,2025-01-23 04:15:08,/page/13,401,1797,LATAM,3694
7248,2025-01-12 12:21:52,/page/37,400,1227,APAC,9874
7484,2025-01-02 01:33:41,/page/18,200,1209,NA,16476
4770,2025-01-14 21:26:25,/page/39,503,771,EU,6430
3240,2025-01-13 04:00:04,/page/41,201,1900,NA,10323
1546,2025-01-22 09:35:46,/page/38,400,1549,EU,3153
6352,2025-01-15 07:49:42,/page/48,401,409,EU,4530
6994,2025-01-27 04:27:20,/page/34,404,1920,APAC,5591
8894,2025-01-13 11:23:30,/page/19,502,1832,APAC,3973
2233,2025-01-23 17:38:44,/page/10,503,512,LATAM,18462
2479,2025-01-18 18:09:31,/page/26,200,591,NA,15102
5295,2025-01-18 21:26:00,/page/38,401,1734,APAC,3750
8724,2025-01-12 08:25:20,/page/2,429,1860,APAC,7453
8606,2025-01-04 01:39:11,/page/45,302,1379,LATAM,4023
1742,2025-01-07 18:51:07,/page/3,302,1058,NA,3384
9807,2025-01-12 09:33:42,/page/9,401,979,APAC,17901
3531,2025-01-21 08:19:05,/page/27,500,252,LATAM,13573
1536,2025-01-14 13:55:15,/page/45,400,494,LATAM,14771
6942,2025-01-12 11:05:28,/page/7,500,802,APAC,2184
5520,2025-01-20 07:51:58,/page/13,201,1993,LATAM,3203
1349,2025-01-11 07:07:16,/page/4,503,733,EU,4326
4362,2025-01-28 09:46:51,/page/5,503,1185,EU,19414
4817,2025-01-11 11:36:05,/page/22,503,352,NA,9285
3129,2025-01-08 00:34:25,/page/35,302,1685,EU,3802
3159,2025-01-02 06:02:09,/page/1,400,1667,EU,19495
1258,2025-01-16 17:13:15,/page/12,302,157,EU,13994
2862,2025-01-26 12:56:02,/page/48,201,1025,LATAM,12063
2786,2025-01-25 21:57:56,/page/29,404,503,NA,17286
8504,2025-01-15 15:25:29,/page/42,200,174,LATAM,13360
2768,2025-01-21 16:38:41,/page/32,502,1913,LATAM,2608
6277,2025-01-04 22:07:39,/page/39,204,184,EU,9211
9984,2025-01-29 09:59:57,/page/46,400,830,APAC,15067
8048,2025-01-25 13:00:34,/page/7,503,1487,NA,18266
8046,2025-01-11 10:31:12,/page/29,301,897,APAC,15060
7815,2025-01-20 08:33:15,/page/47,201,690,LATAM,10440
7132,2025-01-13 08:58:05,/page/10,500,1940,LATAM,2399
2398,2025-01-05 10:17:04,/page/6,401,247,APAC,4463
1982,2025-01-28 00:13:08,/page/38,404,1200,APAC,4205
6793,2025-01-20 22:37:36,/page/43,503,916,NA,9625
6119,2025-01-30 03:31:42,/page/23,201,1233,EU,5270
4674,2025-01-24 09:47:28,/page/7,400,1781,APAC,3964
4705,2025-01-14 12:33:19,/page/28,404,1621,NA,8963
3955,2025-01-02 09:43:58,/page/18,502,1611,APAC,11335
1100,2025-01-18 00:58:18,/page/12,204,1209,LATAM,2480
1502,2025-01-07 21:17:45,/page/6,502,1136,EU,12527
8432,2025-01-21 09:08:25,/page/22,204,807,APAC,10829
2391,2025-01-28 13:17:39,/page/4,204,372,NA,2873
8259,2025-01-14 05:01:22,/page/43,401,1044,LATAM,13771
4531,2025-01-14 06:15:44,/page/49,404,283,APAC,14287
5640,2025-01-06 09:11:45,/page/44,500,1264,LATAM,17466
1744,2025-01-15 23:20:04,/page/15,401,1277,NA,451
5938,2025-01-10 22:10:12,/page/14,503,331,APAC,9684
2965,2025-01-16 22:17:24,/page/1,403,1579,LATAM,5957
7229,2025-01-07 06:30:44,/page/35,502,521,APAC,2561
1693,2025-01-20 06:37:17,/page/28,200,991,NA,10458
8033,2025-01-28 22:48:28,/page/37,401,1503,LATAM,9686
7636,2025-01-06 14:11:12,/page/2,400,401,LATAM,12057
8155,2025-01-05 06:40:43,/page/7,301,942,LATAM,17369
7484,2025-01-04 19:37:49,/page/20,502,745,EU,11113
2251,2025-01-09 03:53:19,/page/33,500,283,EU,11648
3419,2025-01-18 01:03:39,/page/16,201,349,APAC,6664
3504,2025-01-09 10:08:27,/page/49,503,1392,NA,6004
8601,2025-01-24 23:41:17,/page/49,429,1606,LATAM,18697
6179,2025-01-16 16:33:53,/page/10,403,189,LATAM,14690
5500,2025-01-15 16:48:40,/page/38,200,770,NA,10371
8404,2025-01-23 09:58:08,/page/3,200,805,APAC,2714
9307,2025-01-05 09:12:10,/page/25,403,1238,NA,14936
4084,2025-01-28 18:01:41,/page/21,429,1024,EU,2227
2695,2025-01-22 20:53:50,/page/22,502,222,EU,1482
8172,2025-01-13 00:38:32,/page/29,404,1120,EU,12124
5634,2025-01-19 02:24:14,/page/25,401,1636,APAC,19791
6482,2025-01-03 13:00:36,/page/5,400,243,LATAM,9510
3463,2025-01-13 05:35:46,/page/22,201,1243,EU,11662
7421,2025-01-16 01:26:46,/page/9,429,1501,NA,10344
7171,2025-01-28 03:11:29,/page/42,503,722,EU,17448
7937,2025-01-05 12:52:50,/page/33,400,87,APAC,10320
4509,2025-01-09 18:01:17,/page/22,503,1045,EU,7623
3538,2025-01-07 16:16:30,/page/5,302,1779,NA,16835
9626,2025-01-27 04:52:42,/page/3,500,739,EU,19770
3527,2025-01-19 06:54:37,/page/11,204,1752,EU,14541
7731,2025-01-03 02:54:19,/page/24,500,1523,EU,14755
5668,2025-01-30 15:23:42,/page/49,502,1655,LATAM,7867
4918,2025-01-26 22:10:05,/page/20,503,1656,LATAM,6557
8218,2025-01-18 20:33:56,/page/30,503,627,LATAM,16679
7859,2025-01-26 14:32:06,/page/11,301,1690,EU,8392
8873,2025-01-03 12:47:37,/page/24,404,1963,NA,17105
5670,2025-01-07 01:15:36,/page/6,503,378,APAC,14923
3414,2025-01-25 22:05:57,/page/28,201,1988,EU,14982
1436,2025-01-17 23:17:46,/page/27,200,861,APAC,7925
2337,2025-01-19 17:54:58,/page/24,301,107,APAC,3446
3392,2025-01-17 06:38:29,/page/9,200,637,LATAM,4747
8349,2025-01-23 18:33:10,/page/40,200,1905,NA,822
4533,2025-01-13 10:10:22,/page/10,404,1975,LATAM,3843
4893,2025-01-14 23:39:45,/page/20,201,147,EU,13956
2029,2025-01-23 04:34:33,/page/8,403,1272,NA,17087
4963,2025-01-28 21:58:43,/page/46,204,646,LATAM,251
6780,2025-01-30 20:18:18,/page/16,429,903,EU,3005
6908,2025-01-26 09:54:13,/page/5,404,1164,NA,12994
1713,2025-01-23 19:44:49,/page/41,401,814,APAC,732
2106,2025-01-18 08:02:40,/page/23,301,1551,NA,19267
3185,2025-01-17 03:24:44,/page/3,400,1168,APAC,5937
8840,2025-01-23 13:19:29,/page/41,204,1711,EU,2267
1605,2025-01-23 05:14:07,/page/19,301,139,EU,1573
6080,2025-01-16 07:41:44,/page/33,401,1719,LATAM,8500
4131,2025-01-02 18:39:58,/page/19,400,1815,NA,11076
3039,2025-01-14 06:19:13,/page/24,401,1871,LATAM,14609
6554,2025-01-19 18:28:25,/page/12,403,1467,LATAM,12237
5369,2025-01-26 05:00:00,/page/6,502,919,NA,14310
3956,2025-01-30 05:54:32,/page/35,302,707,NA,2823
5843,2025-01-16 22:03:15,/page/20,403,1284,LATAM,5660
6759,2025-01-22 13:11:26,/page/29,200,1538,APAC,14452
1939,2025-01-14 07:52:48,/page/5,500,1355,LATAM,12104
3621,2025-01-25 21:47:18,/page/2,204,1788,LATAM,1340
2101,2025-01-07 03:04:07,/page/16,503,1371,APAC,12066
1530,2025-01-19 14:03:27,/page/39,204,1440,LATAM,12355
8273,2025-01-19 01:25:37,/page/49,201,1225,EU,17549
7521,2025-01-18 19:31:39,/page/21,500,620,EU,3917
4048,2025-01-02 06:11:28,/page/32,404,842,NA,8777
8311,2025-01-13 15:15:34,/page/14,429,634,LATAM,6759
3223,2025-01-06 22:52:58,/page/5,403,403,LATAM,3076
6692,2025-01-16 12:20:48,/page/46,201,1176,APAC,10028
3852,2025-01-08 15:30:24,/page/24,404,509,NA,6785
4878,2025-01-07 17:48:11,/page/32,200,789,APAC,15515
3126,2025-01-27 18:42:54,/page/40,201,184,APAC,13246
9612,2025-01-24 05:41:06,/page/27,503,888,NA,4306
2215,2025-01-16 09:21:50,/page/29,403,1442,APAC,4405
3981,2025-01-27 18:18:54,/page/50,204,936,NA,4268
3507,2025-01-26 03:37:57,/page/20,204,381,APAC,7588
9501,2025-01-17 19:08:45,/page/19,201,563,EU,18249
3050,2025-01-14 07:45:31,/page/41,302,1308,NA,16668
3526,2025-01-09 04:28:30,/page/11,500,1328,APAC,18668
1464,2025-01-02 23:59:41,/page/6,200,1992,APAC,7107
7825,2025-01-28 18:35:17,/page/40,500,112,LATAM,18077
5949,2025-01-15 01:29:30,/page/31,301,1698,LATAM,9946
2195,2025-01-23 00:25:01,/page/45,200,373,LATAM,13819
8609,2025-01-24 12:11:36,/page/14,400,1292,EU,10442
6658,2025-01-16 12:01:50,/page/26,204,1607,APAC,17074
2739,2025-01-28 06:22:15,/page/21,301,1005,NA,8964
5061,2025-01-22 19:49:02,/page/10,201,153,APAC,12787
7850,2025-01-30 20:58:00,/page/16,204,1716,APAC,19129
4110,2025-01-16 04:20:21,/page/49,204,1070,LATAM,16543
9148,2025-01-15 23:28:32,/page/2,201,1985,LATAM,16762
4944,2025-01-23 04:42:44,/page/14,429,772,NA,1856
9108,2025-01-14 15:48:14,/page/39,500,1427,LATAM,9563
1133,2025-01-27 01:17:24,/page/7,401,324,APAC,12185
6995,2025-01-20 13:49:30,/page/3,401,154,EU,12079
5728,2025-01-27 20:33:05,/page/5,401,1082,LATAM,18217
2946,2025-01-14 13:53:53,/page/9,201,856,APAC,11311
6990,2025-01-28 01:55:16,/page/49,204,457,LATAM,16586
1742,2025-01-02 22:54:01,/page/3,204,1511,APAC,15723
8487,2025-01-26 05:03:59,/page/10,429,1879,EU,10946
6218,2025-01-30 18:16:34,/page/11,401,1312,APAC,19655
9311,2025-01-17 07:54:12,/page/33,404,1053,APAC,15761
7035,2025-01-01 19:23:00,/page/22,500,274,LATAM,19326
1436,2025-01-15 22:28:14,/page/39,403,593,EU,1882
8871,2025-01-29 07:51:14,/page/11,404,1338,LATAM,5042
1517,2025-01-12 18:10:46,/page/37,502,275,EU,820
6139,2025-01-22 09:50:49,/page/27,204,895,EU,13647
8726,2025-01-25 08:39:43,/page/48,502,177,EU,17196
6325,2025-01-11 01:34:14,/page/43,403,1126,LATAM,10481
8531,2025-01-09 09:46:19,/page/35,400,1168,APAC,8862
8932,2025-01-30 14:47:26,/page/13,301,621,APAC,7568
5735,2025-01-15 10:44:45,/page/46,301,1463,LATAM,10588
6714,2025-01-24 07:00:41,/page/36,503,1527,APAC,9630
9899,2025-01-06 21:59:37,/page/25,401,1726,APAC,4999
1689,2025-01-15 02:24:06,/page/19,502,211,APAC,14695
8849,2025-01-13 10:46:43,/page/14,301,1745,APAC,18616
3249,2025-01-14 04:27:43,/page/7,429,1567,EU,8144
9700,2025-01-03 11:08:45,/page/15,500,526,NA,3483
6411,2025-01-21 01:31:51,/page/46,403,255,EU,369
3587,2025-01-27 17:12:25,/page/27,500,1964,LATAM,15845
5706,2025-01-10 16:22:58,/page/21,302,1372,NA,3131
4804,2025-01-28 20:54:49,/page/35,502,1530,NA,5936
3880,2025-01-21 06:52:16,/page/3,401,1663,LATAM,6305
1613,2025-01-15 01:15:12,/page/1,302,1213,NA,11178
8444,2025-01-14 19:32:18,/page/42,404,1123,LATAM,4597
8668,2025-01-25 11:27:01,/page/18,301,1706,NA,11035
8518,2025-01-08 21:19:10,/page/42,302,1521,EU,661
5833,2025-01-17 08:45:50,/page/37,500,1600,EU,5950
7643,2025-01-30 15:48:48,/page/28,404,721,NA,13334
4027,2025-01-05 15:07:54,/page/9,403,712,EU,423
7284,2025-01-13 15:50:12,/page/16,403,1593,APAC,11001
1187,2025-01-15 15:47:32,/page/17,500,786,EU,2235
8625,2025-01-06 17:44:30,/page/20,204,880,APAC,4047
7021,2025-01-15 07:44:37,/page/40,301,498,EU,15869
8454,2025-01-08 10:28:26,/page/48,429,815,LATAM,18197
9806,2025-01-23 20:33:16,/page/43,301,1610,EU,19723
9609,2025-01-04 23:23:08,/page/29,404,1491,APAC,2759
2838,2025-01-28 09:18:15,/page/4,404,1899,EU,18966
3455,2025-01-27 01:15:15,/page/11,400,1799,LATAM,4008
9008,2025-01-10 23:18:36,/page/6,404,962,NA,15058
9409,2025-01-07 09:43:34,/page/27,403,1204,NA,18510
6049,2025-01-23 10:42:35,/page/47,200,860,APAC,298
2196,2025-01-11 13:52:24,/page/3,401,755,NA,17932
2130,2025-01-03 22:12:10,/page/31,200,637,LATAM,6097
7887,2025-01-07 13:47:09,/page/24,401,968,LATAM,12509
9835,2025-01-04 21:29:52,/page/9,500,1811,APAC,4087
9802,2025-01-09 15:56:12,/page/26,404,310,EU,313
5888,2025-01-02 02:29:18,/page/30,500,1522,LATAM,17630
4762,2025-01-19 09:53:20,/page/16,403,758,EU,9232
2848,2025-01-10 03:35:44,/page/3,503,1402,LATAM,712
4376,2025-01-12 16:23:47,/page/5,201,1266,NA,14828
1797,2025-01-30 00:28:11,/page/16,502,140,LATAM,14583
9843,2025-01-12 09:01:30,/page/14,503,1818,NA,4791
5739,2025-01-25 11:04:52,/page/15,502,1229,APAC,19122
6253,2025-01-30 00:37:28,/page/16,302,1844,EU,17280
7775,2025-01-11 17:32:00,/page/20,302,174,EU,14198
9120,2025-01-27 23:36:46,/page/4,400,1978,LATAM,17385
7821,2025-01-16 11:21:09,/page/27,204,664,LATAM,6225
8758,2025-01-27 02:43:54,/page/16,301,665,EU,15372
7761,2025-01-03 19:08:12,/page/27,404,1135,EU,12927
5177,2025-01-12 18:57:02,/page/14,400,1374,NA,14938
2514,2025-01-19 00:20:11,/page/35,502,1748,EU,1888
7179,2025-01-14 00:46:49,/page/44,429,1284,NA,2584
4555,2025-01-10 03:13:34,/page/31,301,1830,APAC,10134
4470,2025-01-01 17:51:54,/page/13,502,290,LATAM,8149
4350,2025-01-30 08:10:43,/page/26,301,1180,APAC,9475
8639,2025-01-19 11:30:11,/page/35,500,785,APAC,8770
9401,2025-01-18 11:00:58,/page/32,403,251,LATAM,10693
7073,2025-01-10 20:39:38,/page/21,401,143,EU,4981
5272,2025-01-01 18:53:51,/page/36,429,1236,LATAM,9872
4214,2025-01-08 09:34:19,/page/22,301,827,EU,16561
6530,2025-01-27 17:32:42,/page/17,503,1732,LATAM,16275
3756,2025-01-23 08:54:16,/page/47,503,771,EU,4786
9000,2025-01-27 12:46:21,/page/12,404,1364,NA,17368
2217,2025-01-02 15:24:27,/page/43,200,1615,NA,13713
4791,2025-01-07 16:11:21,/page/5,502,359,NA,7367
8471,2025-01-25 13:13:17,/page/24,200,1315,LATAM,16186
1108,2025-01-01 18:19:43,/page/35,404,892,NA,748
5501,2025-01-26 16:48:58,/page/35,302,85,LATAM,6074
2578,2025-01-06 04:40:59,/page/34,204,543,EU,17450
6807,2025-01-13 06:05:18,/page/18,503,862,NA,12424
8520,2025-01-20 17:03:22,/page/37,301,1477,EU,10029
1519,2025-01-04 21:55:31,/page/6,401,826,LATAM,18310
1919,2025-01-24 02:35:10,/page/41,200,1489,EU,2909
8109,2025-01-25 06:22:38,/page/42,503,728,NA,17506
4764,2025-01-03 01:34:35,/page/14,502,1867,LATAM,9083
2218,2025-01-03 06:14:55,/page/44,302,1891,NA,6077
1256,2025-01-16 06:24:04,/page/14,429,345,LATAM,2721
3661,2025-01-15 12:40:58,/page/37,301,1210,LATAM,17913
7288,2025-01-17 02:29:35,/page/49,502,336,NA,16609
1879,2025-01-17 18:57:19,/page/7,401,525,NA,11360
7499,2025-01-30 09:04:21,/page/50,400,110,APAC,14963
4737,2025-01-24 19:35:40,/page/23,404,1977,LATAM,14350
7227,2025-01-10 00:24:00,/page/6,503,1316,APAC,8275
2344,2025-01-04 13:38:29,/page/18,204,828,EU,12967
6909,2025-01-16 08:57:24,/page/7,201,60,APAC,14773
5419,2025-01-18 11:20:03,/page/7,204,228,EU,14322
9395,2025-01-22 18:56:26,/page/27,201,103,NA,11797
2524,2025-01-27 21:42:46,/page/39,429,1656,APAC,12823
5781,2025-01-01 14:22:40,/page/27,401,1645,NA,18534
9537,2025-01-12 18:48:55,/page/11,500,829,EU,4749
5933,2025-01-14 01:18:47,/page/18,403,348,NA,5679
5521,2025-01-22 02:26:04,/page/27,302,1041,NA,12033
5040,2025-01-13 05:15:05,/page/47,500,1065,EU,15203
3219,2025-01-06 04:37:54,/page/20,200,1993,LATAM,11086
6399,2025-01-19 10:36:13,/page/29,400,931,EU,10044
4290,2025-01-16 13:36:07,/page/31,400,413,LATAM,10657
9044,2025-01-15 03:33:42,/page/37,503,546,APAC,12522
7437,2025-01-14 14:34:24,/page/24,201,1958,EU,19606
3947,2025-01-27 11:42:14,/page/44,503,1176,NA,15326
8183,2025-01-11 04:15:29,/page/19,502,191,LATAM,16561
5961,2025-01-07 18:09:19,/page/16,302,1398,EU,14065
2211,2025-01-19 07:13:34,/page/29,429,1031,LATAM,17710
7853,2025-01-25 14:14:47,/page/35,200,1669,APAC,17793
2392,2025-01-29 19:51:01,/page/7,503,558,APAC,5650
1725,2025-01-30 17:49:17,/page/37,500,1437,LATAM,11065
2735,2025-01-21 21:31:01,/page/1,201,579,EU,16933
4621,2025-01-26 04:26:35,/page/29,400,851,LATAM,19486
3469,2025-01-25 07:05:05,/page/23,200,1038,NA,9880
2406,2025-01-21 04:38:47,/page/8,502,340,APAC,10420
8460,2025-01-17 15:42:05,/page/14,404,1039,APAC,15802
8178,2025-01-05 17:44:20,/page/47,502,976,APAC,2401
1732,2025-01-15 13:49:58,/page/46,201,96,APAC,3783
4996,2025-01-08 23:29:11,/page/34,204,1180,EU,11045
7985,2025-01-28 04:16:16,/page/30,301,1683,LATAM,6244
8080,2025-01-10 01:09:23,/page/26,200,1560,EU,14931
8037,2025-01-29 17:58:00,/page/25,200,1493,EU,6943
2025,2025-01-14 12:17:42,/page/37,201,1687,EU,12186
4228,2025-01-16 19:47:59,/page/30,201,587,LATAM,17492
7367,2025-01-16 05:08:32,/page/40,401,1252,NA,11600
8501,2025-01-18 02:05:31,/page/40,204,1716,APAC,19538
3194,2025-01-05 02:44:35,/page/21,201,538,APAC,4032
7116,2025-01-09 21:15:44,/page/45,204,1096,LATAM,13904
3258,2025-01-29 22:53:11,/page/37,401,916,EU,16147
3838,2025-01-27 02:05:32,/page/36,204,1052,APAC,4797
6154,2025-01-10 01:59:08,/page/29,429,159,APAC,514
3236,2025-01-24 12:36:37,/page/13,401,1200,LATAM,13606
7809,2025-01-24 20:54:07,/page/46,403,1050,EU,2908
1505,2025-01-28 10:44:10,/page/49,301,648,NA,9206
9808,2025-01-11 21:57:41,/page/19,204,1648,LATAM,18735
9369,2025-01-25 01:04:54,/page/8,429,283,APAC,17996
9880,2025-01-18 19:25:29,/page/49,200,1606,LATAM,18102
7965,2025-01-11 14:37:11,/page/7,502,1749,EU,9955
8368,2025-01-02 13:33:04,/page/17,400,1815,NA,14587
4882,2025-01-06 16:45:52,/page/14,503,1560,APAC,14230
3281,2025-01-09 01:22:57,/page/14,301,1699,NA,18880
9720,2025-01-18 00:43:46,/page/18,429,1153,EU,10805
5740,2025-01-15 04:56:38,/page/37,302,2000,NA,4642
1971,2025-01-20 23:32:39,/page/18,500,309,EU,8381
6277,2025-01-08 02:23:09,/page/16,503,1777,LATAM,16238
5402,2025-01-07 21:38:31,/page/41,401,818,LATAM,2674
7600,2025-01-05 12:27:47,/page/33,502,619,APAC,15099
6362,2025-01-24 16:36:46,/page/38,200,1829,NA,15222
2037,2025-01-18 09:21:35,/page/35,401,496,LATAM,7141
5399,2025-01-25 00:23:04,/page/21,302,741,EU,18751
6631,2025-01-24 13:27:34,/page/44,503,149,NA,3462
1266,2025-01-23 07:27:05,/page/8,204,953,LATAM,222
4314,2025-01-21 18:25:20,/page/45,204,1856,APAC,5409
2529,2025-01-14 07:15:20,/page/42,400,562,NA,12384
1848,2025-01-09 00:51:02,/page/26,500,675,EU,14265
2559,2025-01-05 10:15:17,/page/1,301,1026,NA,4548
4705,2025-01-29 19:41:12,/page/34,500,961,NA,464
2975,2025-01-17 16:17:34,/page/28,502,320,LATAM,2520
7276,2025-01-12 02:44:32,/page/6,502,1700,NA,3581
7022,2025-01-16 05:04:51,/page/20,204,833,EU,4881
9691,2025-01-04 07:42:19,/page/37,200,1299,EU,14621
4490,2025-01-18 01:09:48,/page/41,502,360,LATAM,14696
2420,2025-01-11 13:06:30,/page/7,204,1591,NA,19519
6759,2025-01-19 15:25:46,/page/28,400,1670,EU,8319
2380,2025-01-14 10:41:26,/page/16,404,1280,APAC,1078
4366,2025-01-15 15:26:49,/page/34,429,1093,EU,13036
1894,2025-01-15 08:19:53,/page/16,403,840,NA,8099
2163,2025-01-25 06:03:21,/page/34,200,789,APAC,4524
7895,2025-01-19 18:41:57,/page/24,404,1448,EU,15634
1273,2025-01-04 13:02:29,/page/38,201,78,APAC,7269
1990,2025-01-02 22:24:05,/page/26,404,636,LATAM,14079
2350,2025-01-20 12:41:13,/page/41,404,1151,EU,9292
6077,2025-01-05 01:23:51,/page/6,404,1936,EU,5291
6353,2025-01-27 00:56:23,/page/26,429,1349,NA,10363
4909,2025-01-22 05:42:29,/page/4,301,226,LATAM,4000
1901,2025-01-23 00:12:59,/page/20,500,1568,EU,4113
3248,2025-01-01 14:45:20,/page/45,200,385,LATAM,11560
9474,2025-01-26 09:20:43,/page/47,302,391,APAC,4359
2934,2025-01-14 01:07:59,/page/50,200,736,LATAM,9112
2046,2025-01-26 10:20:03,/page/17,502,1230,NA,16457
9368,2025-01-23 02:20:37,/page/24,200,1073,EU,12248
5179,2025-01-08 15:16:45,/page/50,201,1881,NA,7684
1042,2025-01-25 16:49:26,/page/3,200,550,NA,15658
7274,2025-01-18 16:03:48,/page/10,204,1957,NA,18316
4678,2025-01-21 08:36:02,/page/21,301,902,APAC,9088
7108,2025-01-04 18:44:42,/page/8,404,1428,NA,6076
9450,2025-01-11 20:01:45,/page/3,401,191,LATAM,9450
6362,2025-01-16 01:59:20,/page/6,404,985,NA,12288
5777,2025-01-10 17:47:55,/page/37,503,672,EU,15401
9083,2025-01-18 21:04:11,/page/50,503,450,EU,5133
7718,2025-01-01 07:25:50,/page/2,301,1159,APAC,514
1023,2025-01-17 06:19:24,/page/49,500,820,APAC,3606
9680,2025-01-10 23:04:07,/page/16,401,1057,NA,4865
2524,2025-01-14 14:01:12,/page/3,301,1887,LATAM,12405
2391,2025-01-23 06:08:32,/page/38,201,1085,EU,13122
2020,2025-01-04 15:11:01,/page/28,500,317,EU,9757
6161,2025-01-13 16:04:35,/page/26,502,1753,APAC,10622
5455,2025-01-22 23:30:04,/page/15,201,1982,EU,4660
2785,2025-01-29 09:14:03,/page/10,201,386,LATAM,15471
7660,2025-01-16 05:52:31,/page/8,404,783,EU,15008
8591,2025-01-15 23:12:16,/page/17,201,235,EU,10168
1660,2025-01-30 06:53:54,/page/14,400,353,NA,8333
7492,2025-01-18 06:28:13,/page/33,200,1436,APAC,8725
1509,2025-01-09 10:34:14,/page/26,403,1188,EU,3303
2669,2025-01-23 10:19:09,/page/9,201,74,NA,7483
4246,2025-01-07 08:17:39,/page/26,400,1455,NA,19281
5240,2025-01-29 10:52:40,/page/5,200,182,EU,14730
2506,2025-01-07 06:03:10,/page/22,201,137,LATAM,1859
8096,2025-01-09 03:43:17,/page/47,401,1066,NA,12741
3831,2025-01-21 17:05:58,/page/23,301,1910,EU,9210
8307,2025-01-14 14:03:15,/page/10,200,1307,EU,9870
7750,2025-01-25 05:15:03,/page/36,403,174,NA,9367
3248,2025-01-19 14:14:42,/page/27,301,1366,EU,18014
7266,2025-01-01 22:45:14,/page/46,400,1032,LATAM,11473
9231,2025-01-28 11:01:52,/page/21,401,603,EU,1054
4588,2025-01-16 11:31:09,/page/2,503,1644,APAC,2119
9674,2025-01-23 21:33:07,/page/23,503,1246,EU,5430
5060,2025-01-05 20:39:53,/page/43,301,595,NA,7389
7363,2025-01-28 22:43:47,/page/23,204,410,EU,19615
6878,2025-01-16 10:30:06,/page/38,200,1490,APAC,18800
3328,2025-01-28 08:38:56,/page/37,301,1763,LATAM,17964
3876,2025-01-16 00:04:22,/page/32,200,234,NA,7822
4584,2025-01-30 04:59:16,/page/2,404,1028,NA,11070
4300,2025-01-30 19:31:07,/page/9,400,1518,EU,10803
1359,2025-01-03 21:23:15,/page/10,429,1493,EU,3834
6978,2025-01-26 13:10:40,/page/5,400,1492,LATAM,19402
6514,2025-01-05 21:42:39,/page/20,400,329,EU,14515
6198,2025-01-24 15:37:44,/page/12,502,1200,APAC,7515
3872,2025-01-29 14:10:35,/page/25,302,1553,APAC,4372
1029,2025-01-09 15:02:42,/page/45,429,851,NA,6166
6213,2025-01-30 05:50:01,/page/40,301,1359,NA,16458
6425,2025-01-07 19:51:41,/page/48,201,537,APAC,10669
2453,2025-01-09 03:36:10,/page/46,500,1358,APAC,14835
5345,2025-01-01 13:16:36,/page/14,301,1469,NA,11684
2770,2025-01-13 11:01:41,/page/47,200,148,LATAM,14559
3725,2025-01-21 08:55:53,/page/27,403,1855,LATAM,11709
7149,2025-01-27 12:09:50,/page/7,403,1665,EU,5529
2207,2025-01-22 21:47:16,/page/3,302,91,APAC,8756
2215,2025-01-06 02:00:48,/page/22,204,1868,LATAM,5472
9962,2025-01-04 15:23:02,/page/6,400,1266,LATAM,1215
3703,2025-01-21 22:31:41,/page/39,401,371,NA,3518
4367,2025-01-17 01:45:11,/page/13,401,1477,APAC,9424
4891,2025-01-15 10:29:48,/page/7,200,854,LATAM,5232
6911,2025-01-03 15:30:09,/page/1,401,229,APAC,19867
4271,2025-01-24 07:37:23,/page/7,200,473,EU,9762
8758,2025-01-04 23:27:44,/page/8,302,1657,LATAM,15631
5341,2025-01-24 17:50:20,/page/6,500,1164,LATAM,6258
7249,2025-01-19 00:16:12,/page/24,204,962,NA,8827
8619,2025-01-22 08:20:05,/page/17,301,1764,APAC,18689
3476,2025-01-03 23:48:54,/page/49,502,1416,NA,3008
9871,2025-01-17 16:32:45,/page/27,503,1257,EU,18340
7342,2025-01-03 23:03:04,/page/34,401,1146,LATAM,18966
8803,2025-01-12 10:32:34,/page/20,201,858,NA,16652
9467,2025-01-28 17:31:10,/page/37,500,1320,EU,4141
3832,2025-01-22 19:10:09,/page/11,301,1705,EU,4334
7936,2025-01-03 01:43:15,/page/6,500,941,EU,5045
5225,2025-01-29 21:16:50,/page/21,502,1922,NA,3051
7510,2025-01-19 20:10:05,/page/36,400,1804,APAC,17229
1202,2025-01-23 05:47:30,/page/45,429,1253,LATAM,3887
3451,2025-01-21 02:51:37,/page/10,429,1254,NA,3661
2654,2025-01-28 07:34:26,/page/19,404,1852,APAC,13664
7275,2025-01-13 19:44:29,/page/42,403,1221,LATAM,1427
5512,2025-01-09 08:37:38,/page/26,204,1316,LATAM,1470
6431,2025-01-20 05:07:55,/page/45,301,150,LATAM,9000
1331,2025-01-19 01:55:29,/page/22,503,670,APAC,9386
2609,2025-01-24 20:46:40,/page/15,204,665,LATAM,10714
7828,2025-01-14 01:53:49,/page/39,500,232,EU,14674
7671,2025-01-11 06:17:16,/page/48,403,1605,APAC,2041
3604,2025-01-26 00:19:57,/page/5,302,1503,LATAM,4644
1474,2025-01-26 10:50:15,/page/12,301,1842,EU,2088
1541,2025-01-13 02:40:38,/page/30,200,1930,APAC,6724
7035,2025-01-14 07:12:24,/page/30,404,862,NA,1201
7102,2025-01-12 17:52:41,/page/32,429,963,EU,15751
6730,2025-01-29 11:45:54,/page/23,204,1765,APAC,3161
1449,2025-01-14 20:07:47,/page/25,200,383,EU,7453
4387,2025-01-11 22:16:28,/page/18,500,888,NA,491
3167,2025-01-24 00:21:47,/page/42,204,1281,NA,7532
6004,2025-01-13 06:03:22,/page/46,502,1366,APAC,14087
6713,2025-01-19 06:37:32,/page/30,302,496,LATAM,10100
7506,2025-01-26 06:35:13,/page/38,201,65,APAC,18597
5631,2025-01-29 19:47:42,/page/20,500,271,LATAM,2291
5529,2025-01-17 07:47:55,/page/41,400,1814,APAC,8757
4086,2025-01-15 12:07:00,/page/10,404,1617,EU,2060
7620,2025-01-30 03:05:22,/page/43,400,1444,EU,1034
5843,2025-01-25 03:28:52,/page/17,401,878,LATAM,1357
4111,2025-01-29 07:16:18,/page/22,502,1510,EU,17718
6873,2025-01-24 02:16:18,/page/33,302,1781,EU,18492
5813,2025-01-09 19:02:18,/page/7,403,312,APAC,18518
6499,2025-01-09 21:17:24,/page/42,201,505,APAC,7518
7889,2025-01-15 21:46:48,/page/22,400,583,APAC,15396
8709,2025-01-06 17:13:31,/page/4,500,1245,NA,15673
9199,2025-01-10 10:39:35,/page/8,500,831,APAC,13736
3470,2025-01-03 14:59:12,/page/9,301,751,LATAM,18858
3346,2025-01-23 05:06:33,/page/21,502,419,NA,16177
3897,2025-01-17 03:32:29,/page/21,500,168,NA,15012
4430,2025-01-14 06:40:59,/page/49,503,395,EU,16242
3120,2025-01-05 06:34:32,/page/40,401,1347,LATAM,13418
8821,2025-01-21 19:51:03,/page/25,200,127,EU,12425
6279,2025-01-01 16:24:03,/page/49,404,440,NA,335
4707,2025-01-13 01:53:59,/page/45,400,689,EU,3565
9246,2025-01-19 14:52:07,/page/38,302,392,NA,1698
5764,2025-01-15 11:25:50,/page/30,502,1115,APAC,14410
6615,2025-01-07 11:52:33,/page/32,400,1586,EU,5602
1313,2025-01-20 13:59:07,/page/15,301,1539,EU,7120
9267,2025-01-02 01:31:50,/page/11,201,800,NA,12494
9761,2025-01-13 10:00:57,/page/40,200,1266,NA,3742
1790,2025-01-01 23:00:02,/page/45,201,903,LATAM,12660
9966,2025-01-06 23:59:55,/page/17,403,1487,EU,6933
5933,2025-01-01 10:50:26,/page/27,500,256,APAC,4694
2718,2025-01-21 07:58:02,/page/33,502,1315,NA,9463
2741,2025-01-06 12:50:03,/page/32,301,1297,EU,8817
4304,2025-01-26 09:30:33,/page/23,502,889,APAC,5455
9980,2025-01-02 21:54:39,/page/32,301,1459,LATAM,11033
1044,2025-01-12 09:13:06,/page/1,500,232,NA,19013
3443,2025-01-24 23:40:22,/page/6,503,1097,NA,3519
4787,2025-01-13 10:08:09,/page/30,302,590,LATAM,1841
3862,2025-01-05 20:17:08,/page/3,302,787,APAC,14159
2556,2025-01-06 15:02:04,/page/49,200,69,EU,5787
6857,2025-01-16 22:55:03,/page/29,429,599,NA,12410
3996,2025-01-17 15:18:03,/page/8,401,869,LATAM,9107
8835,2025-01-19 17:23:28,/page/27,500,1864,EU,3904
1960,2025-01-07 10:23:13,/page/11,201,902,LATAM,18843
3969,2025-01-22 06:29:48,/page/40,401,1645,APAC,1144
8914,2025-01-07 08:13:28,/page/32,201,1867,LATAM,14640
2037,2025-01-03 05:33:41,/page/17,500,693,NA,17397
4669,2025-01-28 23:50:41,/page/43,400,1113,NA,14383
8895,2025-01-13 01:36:47,/page/23,500,1435,LATAM,5071
1894,2025-01-28 02:31:05,/page/1,500,1963,EU,16766
9123,2025-01-23 18:45:40,/page/11,201,1588,LATAM,10706
6421,2025-01-12 16:39:33,/page/18,200,1088,EU,18238
7607,2025-01-19 09:08:41,/page/16,201,990,LATAM,18977
2442,2025-01-22 18:04:21,/page/32,403,697,NA,16497
2681,2025-01-01 20:42:09,/page/26,401,123,NA,3178
5990,2025-01-30 07:56:52,/page/33,404,473,LATAM,11369
1889,2025-01-18 15:19:28,/page/15,403,729,LATAM,12104
2868,2025-01-22 23:14:18,/page/7,503,1399,EU,271
6818,2025-01-17 13:42:35,/page/41,503,647,APAC,3683
3689,2025-01-03 05:20:07,/page/32,204,1733,LATAM,3704
4209,2025-01-13 08:16:06,/page/13,201,1955,LATAM,7264
4122,2025-01-23 04:29:49,/page/46,400,270,LATAM,1723
3018,2025-01-29 14:00:52,/page/50,403,986,EU,16545
9689,2025-01-01 05:03:13,/page/48,200,1183,LATAM,19373
9328,2025-01-24 10:39:23,/page/50,204,1466,EU,4406
7347,2025-01-06 00:38:56,/page/43,429,1291,APAC,16718
7859,2025-01-19 16:09:52,/page/39,502,1611,EU,9165
6617,2025-01-20 07:33:07,/page/19,403,1698,EU,4727
9393,2025-01-21 00:52:59,/page/20,502,1171,APAC,18339
4291,2025-01-11 13:13:20,/page/14,429,1513,APAC,11514
3913,2025-01-07 10:34:25,/page/33,404,1471,APAC,3981
8870,2025-01-18 02:23:12,/page/38,429,1980,LATAM,17694
7920,2025-01-14 21:07:48,/page/1,404,268,NA,12680
1869,2025-01-08 01:19:04,/page/43,200,459,APAC,5473
5105,2025-01-14 21:55:52,/page/10,200,1464,APAC,6884
1529,2025-01-27 06:30:40,/page/23,403,259,EU,18591
4892,2025-01-19 21:05:08,/page/33,503,1681,APAC,1739
7349,2025-01-19 12:34:33,/page/27,503,1453,APAC,18292
1212,2025-01-03 14:41:02,/page/48,302,465,LATAM,7590
9955,2025-01-18 20:26:58,/page/48,429,452,EU,9839
3906,2025-01-22 18:54:26,/page/44,201,432,EU,17037
7180,2025-01-06 19:03:26,/page/3,401,621,APAC,4462
5178,2025-01-08 19:29:44,/page/1,400,1005,EU,1508
6285,2025-01-08 11:04:38,/page/39,200,1634,APAC,16274
6866,2025-01-28 19:13:01,/page/5,503,1499,APAC,17416
4012,2025-01-11 16:16:27,/page/34,201,1660,EU,13829
9798,2025-01-27 08:44:03,/page/26,201,765,EU,7191
6424,2025-01-17 02:40:20,/page/24,302,497,LATAM,18593
2879,2025-01-01 10:15:25,/page/43,400,962,EU,8189
6258,2025-01-02 22:27:37,/page/25,503,1985,NA,12844
9851,2025-01-13 10:56:58,/page/47,302,100,APAC,17052
8300,2025-01-25 16:43:11,/page/32,200,657,EU,10696
2349,2025-01-25 22:43:50,/page/7,204,1633,NA,2345
4492,2025-01-11 05:34:41,/page/44,401,1761,NA,6936
8130,2025-01-27 02:31:44,/page/42,201,1579,EU,978
6434,2025-01-23 07:02:10,/page/3,201,200,NA,6032
2154,2025-01-13 05:29:38,/page/37,301,1915,APAC,13557
8391,2025-01-19 20:05:26,/page/41,401,936,APAC,753
2938,2025-01-19 21:48:09,/page/35,200,1363,NA,19389
2189,2025-01-03 05:01:51,/page/23,404,267,APAC,10074
2417,2025-01-30 10:42:01,/page/19,503,1947,LATAM,12698
1504,2025-01-20 04:20:25,/page/31,204,1142,EU,4668
9941,2025-01-19 23:32:21,/page/19,500,345,APAC,12426
3316,2025-01-01 12:59:27,/page/8,200,60,LATAM,17801
2394,2025-01-27 13:54:48,/page/20,301,1582,APAC,7138
9397,2025-01-21 00:46:38,/page/10,204,426,EU,8481
2877,2025-01-10 10:24:23,/page/12,500,1687,NA,18184
2198,2025-01-23 09:24:46,/page/19,500,187,APAC,3417
8982,2025-01-10 14:00:29,/page/22,400,312,EU,3478
2143,2025-01-14 20:12:31,/page/13,400,1045,LATAM,10959
6008,2025-01-30 22:05:27,/page/45,429,362,APAC,10565
3762,2025-01-21 19:00:51,/page/1,400,554,EU,14490
6889,2025-01-14 10:21:19,/page/9,500,1551,APAC,15927
8296,2025-01-23 11:15:26,/page/23,503,675,LATAM,18277
3879,2025-01-06 06:47:57,/page/42,429,217,APAC,4787
4218,2025-01-27 03:32:07,/page/17,502,1865,NA,2670
9309,2025-01-01 21:42:21,/page/41,200,1714,LATAM,19534
1600,2025-01-11 07:53:02,/page/36,302,1163,LATAM,5070
7430,2025-01-18 18:12:34,/page/15,503,1257,APAC,4587
9210,2025-01-23 13:24:57,/page/33,201,862,APAC,16655
4913,2025-01-01 12:20:24,/page/40,500,389,EU,14821
3935,2025-01-08 17:30:27,/page/37,429,1400,EU,16043
1662,2025-01-18 10:01:37,/page/15,503,1048,EU,2259
7052,2025-01-13 19:59:54,/page/15,200,1419,EU,17170
7358,2025-01-18 12:53:18,/page/31,403,1855,NA,1507
2691,2025-01-16 17:34:12,/page/46,404,1347,APAC,8828
9918,2025-01-29 02:09:16,/page/37,204,821,LATAM,12170
2275,2025-01-29 12:41:43,/page/34,302,820,EU,17120
6781,2025-01-20 16:50:25,/page/23,403,1673,LATAM,19998
9222,2025-01-01 07:41:12,/page/9,403,389,EU,2726
5600,2025-01-25 23:29:02,/page/14,204,432,EU,12069
2938,2025-01-30 05:24:16,/page/43,301,899,APAC,3913
8844,2025-01-24 09:00:27,/page/31,301,1259,EU,13664
4992,2025-01-02 02:09:05,/page/3,204,1224,EU,4614
1642,2025-01-25 21:16:19,/page/37,204,164,EU,8662
9464,2025-01-09 17:45:32,/page/26,429,1204,NA,9488
4548,2025-01-05 03:54:15,/page/29,429,1015,LATAM,5789
7730,2025-01-11 15:34:38,/page/39,204,1677,EU,16938
3747,2025-01-13 20:11:20,/page/47,500,751,LATAM,19747
2127,2025-01-29 16:05:39,/page/15,401,839,EU,3757
4315,2025-01-01 19:17:48,/page/34,404,1451,LATAM,5100
2577,2025-01-30 09:28:17,/page/12,403,1896,NA,17613
2925,2025-01-25 10:25:15,/page/6,403,1400,EU,19974
1019,2025-01-27 04:18:49,/page/50,500,1379,LATAM,17306
7068,2025-01-21 10:07:56,/page/3,502,1135,LATAM,7719
7246,2025-01-24 09:42:52,/page/23,429,1697,NA,14142
5170,2025-01-07 11:59:06,/page/31,503,526,NA,9482
9908,2025-01-30 01:03:39,/page/27,302,437,NA,433
9561,2025-01-29 01:24:13,/page/8,404,64,LATAM,6931
7698,2025-01-16 08:03:07,/page/24,201,366,LATAM,19381
5281,2025-01-13 07:30:12,/page/35,401,1206,APAC,9229
4337,2025-01-20 07:04:03,/page/27,404,1655,LATAM,6056
8925,2025-01-18 23:19:45,/page/17,302,1233,APAC,13245
2951,2025-01-07 16:51:41,/page/48,301,964,EU,3485
9328,2025-01-11 09:51:42,/page/26,503,743,NA,5467
1086,2025-01-19 21:20:19,/page/6,204,1015,LATAM,3088
5310,2025-01-04 02:39:32,/page/15,400,213,NA,12793
9536,2025-01-20 10:47:06,/page/19,502,1273,NA,5943
8192,2025-01-24 23:58:51,/page/1,301,1791,APAC,6581
